{
 "Shapes": [{"prefabShape":"Cross","rotationZ":0.0,"level":128,"x":0.8239372968673706,"y":0.8239372968673706},{"prefabShape":"Circle","rotationZ":0.0,"level":128,"x":0.9582828879356384,"y":0.9582828879356384},{"prefabShape":"Bar","rotationZ":-90.5,"level":128,"x":0.4589933753013611,"y":0.4589933753013611},
	]
"Platform": [{"shape":"1","posX":-0.011079549789428711,"posY":-3.3358242511749269,"posZ":1.0,"rotX":0.0,"rotY":0.0,"rotZ":0.0,"scaleX":0.4993324279785156,"scaleY":0.4993324279785156,"scaleZ":1.0},
	]
}