{
 "Shapes": [{"prefabShape":"Circle","rotationZ":45.5,"level":63,"x":1.068969964981079,"y":1.068969964981079},{"prefabShape":"Bar","rotationZ":0.0,"level":63,"x":0.4960488975048065,"y":0.4960488975048065},{"prefabShape":"Triangle","rotationZ":-180.0,"level":63,"x":1.3360769748687745,"y":1.3360769748687745},
	]
"Platform": [{"shape":"1","posX":0.40708088874816897,"posY":0.8207263946533203,"posZ":1.0,"rotX":0.0,"rotY":0.0,"rotZ":180.0,"scaleX":0.28861552476882937,"scaleY":0.28861552476882937,"scaleZ":1.0},{"shape":"3","posX":1.5469775199890137,"posY":-1.9069567918777466,"posZ":1.0,"rotX":0.0,"rotY":0.0,"rotZ":180.0,"scaleX":0.9245312213897705,"scaleY":0.9245312213897705,"scaleZ":1.0},
	]
}