{
 "Shapes": [{"prefabShape":"Bar","rotationZ":-180.0,"level":88,"x":1.2483280897140504,"y":1.2483280897140504},{"prefabShape":"Circle","rotationZ":0.0,"level":88,"x":1.3605576753616334,"y":1.3605576753616334},{"prefabShape":"Triangle","rotationZ":0.0,"level":88,"x":1.0144281387329102,"y":1.0144281387329102},
	]
"Platform": [{"shape":"1","posX":-0.5024688243865967,"posY":-3.160156726837158,"posZ":1.0,"rotX":0.0,"rotY":0.0,"rotZ":180.0,"scaleX":0.21797071397304536,"scaleY":0.21797071397304536,"scaleZ":1.0},{"shape":"2","posX":0.7661413550376892,"posY":-3.4112541675567629,"posZ":1.0,"rotX":0.0,"rotY":0.0,"rotZ":180.0,"scaleX":0.27716556191444399,"scaleY":0.27716556191444399,"scaleZ":1.0},
	]
}