{
 "Shapes": [{"prefabShape":"Cross","rotationZ":0.0,"level":102,"x":0.5953056216239929,"y":0.5953056216239929},{"prefabShape":"Square","rotationZ":-180.0,"level":102,"x":1.285058856010437,"y":1.285058856010437},{"prefabShape":"Cross","rotationZ":0.0,"level":102,"x":0.8374728560447693,"y":0.8374728560447693},{"prefabShape":"Triangle","rotationZ":45.5,"level":102,"x":1.2482703924179078,"y":1.2482703924179078},
	]
"Platform": [{"shape":"0","posX":-0.07326304912567139,"posY":-4.441254138946533,"posZ":8.976211547851563,"rotX":0.0,"rotY":0.0,"rotZ":44.999996185302737,"scaleX":0.800000011920929,"scaleY":0.800000011920929,"scaleZ":1.0},
	]
}